{
    "speech_to_text": {
      "version": "v1",
      "url": "https://stream.watsonplatform.net/speech-to-text/api",
      "password": "YZYe13IJ8C5t",
      "username": "5a9189d9-a084-45d6-b80b-9e58a89af8f3"
      },

      "text_to_speech": {
          "version": "v1",
          "url": "https://stream.watsonplatform.net/text-to-speech/api",
          "password": "GQjxER8sJvYw",
          "username": "9ae20050-faae-4993-9bd4-0f2e6eb09565"
      },

     "watson_nlc": {
         "version": "v1",
         "url": "https://gateway.watsonplatform.net/natural-language-classifier/api",
         "password": "ivnXK3PUPTyv",
         "username": "90d1c098-6118-4405-84f2-81cc8268f067",
          "localJSON": true
     },
     "cloudant": {
        "username": "50d71180-b865-42c5-9ae1-f3bce2f9fa76-bluemix",
        "password": "733e43bbb5846d547b7560676208d8ae3769be0deabf1c99269d74f3fa1fd096",
        "host": "50d71180-b865-42c5-9ae1-f3bce2f9fa76-bluemix.cloudant.com",
        "port": 443,
        "url": "https://50d71180-b865-42c5-9ae1-f3bce2f9fa76-bluemix:733e43bbb5846d547b7560676208d8ae3769be0deabf1c99269d74f3fa1fd096@50d71180-b865-42c5-9ae1-f3bce2f9fa76-bluemix.cloudant.com"
      },
      "gmail": {
        "web":
          {"client_id":"",
            "project_id":"",
            "auth_uri":"https://accounts.google.com/o/oauth2/auth",
            "token_uri":"https://accounts.google.com/o/oauth2/token",
            "auth_provider_x509_cert_url":"https://www.googleapis.com/oauth2/v1/certs",
            "client_secret":"",
            "redirect_uris":[""],
          "javascript_origins":[""]
          }
      },
      "sessionSecret" : "index.js:69:10"
}
